DZ,Algeria,https://calendar.google.com/calendar/ical/en.dz%23holiday%40group.v.calendar.google.com/public/basic.ics
AR,Argentina,https://calendar.google.com/calendar/ical/en.ar%23holiday%40group.v.calendar.google.com/public/basic.ics
AU,Australia,https://calendar.google.com/calendar/ical/en.australian%23holiday%40group.v.calendar.google.com/public/basic.ics
AT,Austria,https://calendar.google.com/calendar/ical/en.austrian%23holiday%40group.v.calendar.google.com/public/basic.ics
BS,Bahamas,https://calendar.google.com/calendar/ical/en.bs%23holiday%40group.v.calendar.google.com/public/basic.ics
BY,Belarus,https://calendar.google.com/calendar/ical/en.by%23holiday%40group.v.calendar.google.com/public/basic.ics
BE,Belgium,https://calendar.google.com/calendar/ical/en.be%23holiday%40group.v.calendar.google.com/public/basic.ics
BO,Bolivia,https://calendar.google.com/calendar/ical/en.bo%23holiday%40group.v.calendar.google.com/public/basic.ics
BR,Brazil,https://calendar.google.com/calendar/ical/en.brazilian%23holiday%40group.v.calendar.google.com/public/basic.ics
BG,Bulgaria,https://calendar.google.com/calendar/ical/en.bulgarian%23holiday%40group.v.calendar.google.com/public/basic.ics
CA,Canada,https://calendar.google.com/calendar/ical/en.canadian%23holiday%40group.v.calendar.google.com/public/basic.ics
KY,Cayman Islands,https://calendar.google.com/calendar/ical/en.ky%23holiday%40group.v.calendar.google.com/public/basic.ics
CL,Chile,https://calendar.google.com/calendar/ical/en.cl%23holiday%40group.v.calendar.google.com/public/basic.ics
CN,China,https://calendar.google.com/calendar/ical/en.china%23holiday%40group.v.calendar.google.com/public/basic.ics
CO,Colombia,https://calendar.google.com/calendar/ical/en.co%23holiday%40group.v.calendar.google.com/public/basic.ics
CG,Congo,https://calendar.google.com/calendar/ical/en.cg%23holiday%40group.v.calendar.google.com/public/basic.ics
CR,Costa Rica,https://calendar.google.com/calendar/ical/en.cr%23holiday%40group.v.calendar.google.com/public/basic.ics
HR,Croatia,https://calendar.google.com/calendar/ical/en.croatian%23holiday%40group.v.calendar.google.com/public/basic.ics
CU,Cuba,https://calendar.google.com/calendar/ical/en.cu%23holiday%40group.v.calendar.google.com/public/basic.ics
CZ,Czechiaâ€Š,https://calendar.google.com/calendar/ical/en.czech%23holiday%40group.v.calendar.google.com/public/basic.ics
DK,Denmark,https://calendar.google.com/calendar/ical/en.danish%23holiday%40group.v.calendar.google.com/public/basic.ics
DO,Dominican Republic,https://calendar.google.com/calendar/ical/en.do%23holiday%40group.v.calendar.google.com/public/basic.ics
EC,Ecuador,https://calendar.google.com/calendar/ical/en.ec%23holiday%40group.v.calendar.google.com/public/basic.ics
EG,Egypt,https://calendar.google.com/calendar/ical/en.eg%23holiday%40group.v.calendar.google.com/public/basic.ics
SV,El Salvador,https://calendar.google.com/calendar/ical/en.sv%23holiday%40group.v.calendar.google.com/public/basic.ics
GQ,Equatorial Guinea,https://calendar.google.com/calendar/ical/en.gq%23holiday%40group.v.calendar.google.com/public/basic.ics
FI,Finland,https://calendar.google.com/calendar/ical/en.finnish%23holiday%40group.v.calendar.google.com/public/basic.ics
FR,France,https://calendar.google.com/calendar/ical/en.french%23holiday%40group.v.calendar.google.com/public/basic.ics
GA,Gabon,https://calendar.google.com/calendar/ical/en.ga%23holiday%40group.v.calendar.google.com/public/basic.ics
DE,Germany,https://calendar.google.com/calendar/ical/de.german%23holiday%40group.v.calendar.google.com/public/basic.ics
GR,Greece,https://calendar.google.com/calendar/ical/en.greek%23holiday%40group.v.calendar.google.com/public/basic.ics
GL,Greenland,https://calendar.google.com/calendar/ical/en.gl%23holiday%40group.v.calendar.google.com/public/basic.ics
HT,Haiti,https://calendar.google.com/calendar/ical/en.ht%23holiday%40group.v.calendar.google.com/public/basic.ics
HK,Hong Kong,https://calendar.google.com/calendar/ical/en.hong_kong%23holiday%40group.v.calendar.google.com/public/basic.ics
HU,Hungary,https://calendar.google.com/calendar/ical/en.hungarian%23holiday%40group.v.calendar.google.com/public/basic.ics
IS,Iceland,https://calendar.google.com/calendar/ical/en.is%23holiday%40group.v.calendar.google.com/public/basic.ics
IN,India,https://calendar.google.com/calendar/ical/en.indian%23holiday%40group.v.calendar.google.com/public/basic.ics
ID,Indonesia,https://calendar.google.com/calendar/ical/en.indonesian%23holiday%40group.v.calendar.google.com/public/basic.ics
IQ,Iraq,https://calendar.google.com/calendar/ical/en.iq%23holiday%40group.v.calendar.google.com/public/basic.ics
IE,Ireland,https://calendar.google.com/calendar/ical/en.irish%23holiday%40group.v.calendar.google.com/public/basic.ics
IL,Israel,https://calendar.google.com/calendar/ical/en.jewish%23holiday%40group.v.calendar.google.com/public/basic.ics
IT,Italy,https://calendar.google.com/calendar/ical/en.italian%23holiday%40group.v.calendar.google.com/public/basic.ics
JM,Jamaica,https://calendar.google.com/calendar/ical/en.jm%23holiday%40group.v.calendar.google.com/public/basic.ics
JP,Japan,https://calendar.google.com/calendar/ical/en.japanese%23holiday%40group.v.calendar.google.com/public/basic.ics
JO,Jordan,https://calendar.google.com/calendar/ical/en.jo%23holiday%40group.v.calendar.google.com/public/basic.ics
KE,Kenya,https://calendar.google.com/calendar/ical/en.ke%23holiday%40group.v.calendar.google.com/public/basic.ics
KW,Kuwait,https://calendar.google.com/calendar/ical/en.kw%23holiday%40group.v.calendar.google.com/public/basic.ics
LV,Latvia,https://calendar.google.com/calendar/ical/en.latvian%23holiday%40group.v.calendar.google.com/public/basic.ics
LI,Liechtenstein,https://calendar.google.com/calendar/ical/en.li%23holiday%40group.v.calendar.google.com/public/basic.ics
LT,Lithuania,https://calendar.google.com/calendar/ical/en.lithuanian%23holiday%40group.v.calendar.google.com/public/basic.ics
LU,Luxembourg,https://calendar.google.com/calendar/ical/en.lu%23holiday%40group.v.calendar.google.com/public/basic.ics
MO,Macao,https://calendar.google.com/calendar/ical/en.mo%23holiday%40group.v.calendar.google.com/public/basic.ics
MG,Madagascar,https://calendar.google.com/calendar/ical/en.mg%23holiday%40group.v.calendar.google.com/public/basic.ics
MW,Malawi,https://calendar.google.com/calendar/ical/en.mw%23holiday%40group.v.calendar.google.com/public/basic.ics
MY,Malaysia,https://calendar.google.com/calendar/ical/en.malaysia%23holiday%40group.v.calendar.google.com/public/basic.ics
ML,Mali,https://calendar.google.com/calendar/ical/en.ml%23holiday%40group.v.calendar.google.com/public/basic.ics
MT,Malta,https://calendar.google.com/calendar/ical/en.mt%23holiday%40group.v.calendar.google.com/public/basic.ics
MU,Mauritius,https://calendar.google.com/calendar/ical/en.mu%23holiday%40group.v.calendar.google.com/public/basic.ics
MX,Mexico,https://calendar.google.com/calendar/ical/en.mexican%23holiday%40group.v.calendar.google.com/public/basic.ics
MC,Monaco,https://calendar.google.com/calendar/ical/en.mc%23holiday%40group.v.calendar.google.com/public/basic.ics
MN,Mongolia,https://calendar.google.com/calendar/ical/en.mn%23holiday%40group.v.calendar.google.com/public/basic.ics
ME,Montenegro,https://calendar.google.com/calendar/ical/en.me%23holiday%40group.v.calendar.google.com/public/basic.ics
MA,Morocco,https://calendar.google.com/calendar/ical/en.ma%23holiday%40group.v.calendar.google.com/public/basic.ics
MM,Myanmar,https://calendar.google.com/calendar/ical/en.mm%23holiday%40group.v.calendar.google.com/public/basic.ics
NL,Netherlands,https://calendar.google.com/calendar/ical/en.dutch%23holiday%40group.v.calendar.google.com/public/basic.ics
NZ,New Zealand,https://calendar.google.com/calendar/ical/en.new_zealand%23holiday%40group.v.calendar.google.com/public/basic.ics
NO,Norway,https://calendar.google.com/calendar/ical/en.norwegian%23holiday%40group.v.calendar.google.com/public/basic.ics
OM,Oman,https://calendar.google.com/calendar/ical/en.om%23holiday%40group.v.calendar.google.com/public/basic.ics
PK,Pakistan,https://calendar.google.com/calendar/ical/en.pk%23holiday%40group.v.calendar.google.com/public/basic.ics
PA,Panama,https://calendar.google.com/calendar/ical/en.pa%23holiday%40group.v.calendar.google.com/public/basic.ics
PY,Paraguay,https://calendar.google.com/calendar/ical/en.py%23holiday%40group.v.calendar.google.com/public/basic.ics
PE,Peru,https://calendar.google.com/calendar/ical/en.pe%23holiday%40group.v.calendar.google.com/public/basic.ics
PH,Philippines,https://calendar.google.com/calendar/ical/en.philippines%23holiday%40group.v.calendar.google.com/public/basic.ics
PL,Poland,https://calendar.google.com/calendar/ical/en.polish%23holiday%40group.v.calendar.google.com/public/basic.ics
PT,Portugal,https://calendar.google.com/calendar/ical/en.portuguese%23holiday%40group.v.calendar.google.com/public/basic.ics
PR,Puerto Rico,https://calendar.google.com/calendar/ical/en.pr%23holiday%40group.v.calendar.google.com/public/basic.ics
QA,Qatar,https://calendar.google.com/calendar/ical/en.qa%23holiday%40group.v.calendar.google.com/public/basic.ics
KR,Republic of Korea,https://calendar.google.com/calendar/ical/en.south_korea%23holiday%40group.v.calendar.google.com/public/basic.ics
RO,Romania,https://calendar.google.com/calendar/ical/en.romanian%23holiday%40group.v.calendar.google.com/public/basic.ics
RU,Russian,https://calendar.google.com/calendar/ical/en.russian%23holiday%40group.v.calendar.google.com/public/basic.ics
SA,Saudi Arabia,https://calendar.google.com/calendar/ical/en.saudiarabian%23holiday%40group.v.calendar.google.com/public/basic.ics
SN,Senegal,https://calendar.google.com/calendar/ical/en.sn%23holiday%40group.v.calendar.google.com/public/basic.ics
RS,Serbia,https://calendar.google.com/calendar/ical/en.rs%23holiday%40group.v.calendar.google.com/public/basic.ics
SG,Singapore,https://calendar.google.com/calendar/ical/en.singapore%23holiday%40group.v.calendar.google.com/public/basic.ics
SK,Slovakia,https://calendar.google.com/calendar/ical/en.slovak%23holiday%40group.v.calendar.google.com/public/basic.ics
SI,Slovenia,https://calendar.google.com/calendar/ical/en.slovenian%23holiday%40group.v.calendar.google.com/public/basic.ics
ZA,South Africa,https://calendar.google.com/calendar/ical/en.sa%23holiday%40group.v.calendar.google.com/public/basic.ics
ES,Spain,https://calendar.google.com/calendar/ical/en.spain%23holiday%40group.v.calendar.google.com/public/basic.ics
SE,Sweden,https://calendar.google.com/calendar/ical/en.swedish%23holiday%40group.v.calendar.google.com/public/basic.ics
CH,Switzerland,https://calendar.google.com/calendar/ical/en.ch%23holiday%40group.v.calendar.google.com/public/basic.ics
TW,Taiwan,https://calendar.google.com/calendar/ical/en.taiwan%23holiday%40group.v.calendar.google.com/public/basic.ics
TH,Thailand,https://calendar.google.com/calendar/ical/en.th%23holiday%40group.v.calendar.google.com/public/basic.ics
TR,Turkey,https://calendar.google.com/calendar/ical/en.turkish%23holiday%40group.v.calendar.google.com/public/basic.ics
VI,U.S. Virgin Islands,https://calendar.google.com/calendar/ical/en.vi%23holiday%40group.v.calendar.google.com/public/basic.ics
UA,Ukraine,https://calendar.google.com/calendar/ical/en.ukrainian%23holiday%40group.v.calendar.google.com/public/basic.ics
AE,United Arab Emirates,https://calendar.google.com/calendar/ical/en.ae%23holiday%40group.v.calendar.google.com/public/basic.ics
GB,United Kingdom,https://calendar.google.com/calendar/ical/en.uk%23holiday%40group.v.calendar.google.com/public/basic.ics
US,United States,https://calendar.google.com/calendar/ical/en.usa%23holiday%40group.v.calendar.google.com/public/basic.ics
VE,Venezuela,https://calendar.google.com/calendar/ical/en.ve%23holiday%40group.v.calendar.google.com/public/basic.ics
VN,Vietnam,https://calendar.google.com/calendar/ical/en.vietnamese%23holiday%40group.v.calendar.google.com/public/basic.ics
YE,Yemen,https://calendar.google.com/calendar/ical/en.ye%23holiday%40group.v.calendar.google.com/public/basic.ics
